theta,omega
-2.8317638008673183,-0.0593371263899859
2.7149792706274485,0.7852874234896415
-3.2412602089789435,-0.9950166389221772
-1.7044154448933193,1.0877825030786576
3.2412602089789435,0.9950166389221772
3.2412602089789435,0.9950166389221772
-3.2412602089789435,-0.9950166389221772
-3.2412602089789435,-0.9950166389221772
3.2412602089789435,0.9950166389221772
-3.2412602089789435,-0.9950166389221772
3.2412602089789435,0.9950166389221772
3.2412602089789435,0.9950166389221772
-3.2412602089789435,-0.9950166389221772
-3.2412602089789435,-0.9950166389221772
3.2412602089789435,0.9950166389221772
-3.2412602089789435,-0.9950166389221772
3.2412602089789435,0.9950166389221772
3.2412602089789435,0.9950166389221772
-3.2412602089789435,-0.9950166389221772
3.2412602089789435,0.9950166389221772
-3.2412602089789435,-0.9950166389221772
3.2412602089789435,0.9950166389221772
-3.2412602089789435,-0.9950166389221772
-3.2412602089789435,-0.9950166389221772
-1.8950941747451309,1.0825238664651806
3.2412602089789435,0.9950166389221772
3.2412602089789435,0.9950166389221772
-3.2412602089789435,-0.9950166389221772
3.2412602089789435,0.9950166389221772
-3.2412602089789435,-0.9950166389221772
-3.2412602089789435,-0.9950166389221772
3.2412602089789435,0.9950166389221772
-3.2412602089789435,-0.9950166389221772
3.2412602089789435,0.9950166389221772
3.2412602089789435,0.9950166389221772
-3.2412602089789435,-0.9950166389221772
-1.4504523726569607,1.0892800904852733
3.2412602089789435,0.9950166389221772
-1.9586914014810144,1.080014036608438
-3.2412602089789435,-0.9950166389221772
3.2412602089789435,0.9950166389221772
3.2412602089789435,0.9950166389221772
3.2412602089789435,0.9950166389221772
1.1968082206006798,-1.0844185787657783
-3.2412602089789435,-0.9950166389221772
-2.5955340521279333,1.0372902734781466
-3.2412602089789435,-0.9950166389221772
-3.2412602089789435,-0.9950166389221772
2.149588708319204,-1.0703536906481352
-3.2412602089789435,-0.9950166389221772
1.3870116530712628,-1.088655297240115
-3.041925098200102,0.9950166389085128
-2.723046007312095,1.0258125440753048
3.041925098200102,-0.9950166389085128
-3.2412602089789435,-0.9950166389221772
1.70441544489332,-1.0877825030786576
-1.7679557855360877,1.0864158327998836
-0.8169030610336384,1.0660068983074662
3.2412602089789435,0.9950166389221772
2.2769347732953937,-1.0622702402719486
2.7868128276172976,-1.0198448612591824
-0.5007452053989593,1.0422138714177365
1.450452372656967,-1.089280090485233
-3.2412602089789435,-0.9950166389221772
-0.8169030610336384,1.0660068983074662
2.213254130792924,-1.066466316343473
3.2412602089789435,0.9950166389221772
-3.2412602089789435,-0.9950166389221772
-3.2412602089789435,-0.9950166389221772
0.943468572426994,-1.0735168525178818
-0.8801776710735101,1.069922215044996
3.041925098200102,-0.9950166389085128
3.2412602089789435,0.9950166389221772
3.041925098200102,-0.9950166389085128
0.943468572426994,-1.0735168525178818
3.041925098200102,-0.9950166389085128
0.6271689363227397,-1.0525008079892737
2.0859393009149207,-1.073916739125056
3.041925098200102,-0.9950166389085128
-3.1003162137839007,0.4120790408683807
-3.041925098200102,0.9950166389085128
0.2572182944773226,0.969483578103538
-3.041925098200102,0.9950166389085128
-3.2412602089789435,-0.9950166389221772
-3.056019577394604,0.8543081658677675
3.041925098200102,-0.9950166389085128
0.4467101486833445,0.9514664554365386
-1.9586914014810144,1.080014036608438
-3.041925098200102,0.9950166389085128
-3.041925098200102,0.9950166389085128
0.0585421357092816,-1.0008228318421817
3.041925098200102,-0.9950166389085128
0.4467101486833445,0.9514664554365386
-3.041925098200102,0.9950166389085128
3.041925098200102,-0.9950166389085128
-1.6408947586564169,1.0887552570887815
-0.3203767882525905,-0.963362907631344
-3.2412602089789435,-0.9950166389221772
3.041925098200102,-0.9950166389085128
-3.041925098200102,0.9950166389085128
3.049979023945632,-0.9146118436660126
3.11843756723196,-0.2311664035769433
0.509887422265931,0.9457383806489504
-3.110383631062047,0.3115720506078514
-3.041925098200102,0.9950166389085128
3.041925098200102,-0.9950166389085128
3.1728016761176128,0.3115720506078427
3.041925098200102,-0.9950166389085128
3.041925098200102,-0.9950166389085128
3.041925098200102,-0.9950166389085128
3.041925098200102,-0.9950166389085128
3.203003914992369,0.6130926699388389
-3.041925098200102,0.9950166389085128
-3.2412602089789435,-0.9950166389221772
0.9524300094436662,0.9118026672984224
1.640894758656417,-1.088755257088762
3.1144105990154296,-0.2713692327095878
-3.1224645356051046,0.190963564947273
-3.2412602089789435,-0.9950166389221772
3.213071364909977,0.7135992471814816
-3.041925098200102,0.9950166389085128
-3.231192684842845,-0.8945106393995516
3.041925098200102,-0.9950166389085128
3.041925098200102,-0.9950166389085128
-0.9102611711935716,-0.4930784541264763
-3.2412602089789435,-0.9950166389221772
-2.022306642346973,1.0771411636325494
-3.041925098200102,0.9950166389085128
-0.7406102884454564,-0.7056361842327241
3.2412602089789435,0.9950166389221772
1.133445764677062,-1.0822382292013948
3.08219487300526,-0.592991331328456
3.041925098200102,-0.9950166389085128
-3.041925098200102,0.9950166389085128
-3.041925098200102,0.9950166389085128
-1.8315154863348453,1.0846606338961915
3.2412602089789435,0.9950166389221772
3.041925098200102,-0.9950166389085128
1.7000306020451112,0.13123886791968
-3.041925098200102,0.9950166389085128
3.2412602089789435,0.9950166389221772
-0.9524300094436662,-0.9118026672984224
-3.041925098200102,0.9950166389085128
3.2412602089789435,0.9950166389221772
3.041925098200102,-0.9950166389085128
-3.041925098200102,0.9950166389085128
3.184882576630659,0.4321804255609038
-3.041925098200102,0.9950166389085128
-3.205017404739404,-0.6331939921808859
3.2412602089789435,0.9950166389221772
3.041925098200102,-0.9950166389085128
3.041925098200102,-0.9950166389085128
-3.1466263847525973,-0.0502535787925154
1.2519750744680624,0.0957237923791436
3.2412602089789435,0.9950166389221772
-1.0157053858486622,-0.9080692485328916
-3.041925098200102,0.9950166389085128
-3.11843756723196,0.2311664035769435
-3.2412602089789435,-0.9950166389221772
-3.2412602089789435,-0.9950166389221772
1.2419297895761283,-0.0041205354308721
3.041925098200102,-0.9950166389085128
3.041925098200102,-0.9950166389085128
3.2412602089789435,0.9950166389221772
-3.041925098200102,0.9950166389085128
-3.041925098200102,0.9950166389085128
3.041925098200102,-0.9950166389085128
-3.041925098200102,0.9950166389085128
-3.2412602089789435,-0.9950166389221772
3.170788192180116,0.291470643167468
-1.2056322294448183,-0.8988976303073328
1.9361005276417595,-0.0429124545914631
-3.2412602089789435,-0.9950166389221772
3.1123971149995087,-0.2914706431674727
3.2412602089789435,0.9950166389221772
3.041925098200102,-0.9950166389085128
-3.2412602089789435,-0.9950166389221772
3.041925098200102,-0.9950166389085128
-3.2412602089789435,-0.9950166389221772
-3.041925098200102,0.9950166389085128
3.2412602089789435,0.9950166389221772
-0.8169030610336384,1.0660068983074662
3.2412602089789435,0.9950166389221772
0.8169030610336276,-1.0660068983074849
-3.041925098200102,0.9950166389085128
-3.041925098200102,0.9950166389085128
-1.8391435202109008,-0.2537129016483958
-1.2640295215378463,-0.2155411903082841
-3.2412602089789435,-0.9950166389221772
3.041925098200102,-0.9950166389085128
3.041925098200102,-0.9950166389085128
3.041925098200102,-0.9950166389085128
3.041925098200102,-0.9950166389085128
3.2412602089789435,0.9950166389221772
-3.041925098200102,0.9950166389085128
3.2412602089789435,0.9950166389221772
1.2689768711725598,0.8965578939682043
-3.041925098200102,0.9950166389085128
-3.041925098200102,0.9950166389085128
0.0677606782328988,0.9882402822915166
-3.1164240830973324,0.2512678194417586
2.7948366869114865,0.9517734022241188
-3.041925098200102,0.9950166389085128
3.041925098200102,-0.9950166389085128
3.041925098200102,-0.9950166389085128
3.2412602089789435,0.9950166389221772
-3.2412602089789435,-0.9950166389221772
-3.166761224082316,-0.25126781944175
3.041925098200102,-0.9950166389085128
3.2412602089789435,0.9950166389221772
3.2412602089789435,0.9950166389221772
-1.3294143687073776,-0.2337282786004456
3.2412602089789435,0.9950166389221772
-3.041925098200102,0.9950166389085128
-3.041925098200102,0.9950166389085128
-3.2412602089789435,-0.9950166389221772
-3.2412602089789435,-0.9950166389221772
-3.1345454395046417,0.0703550092858745
3.156693803173184,0.1507607187198904
-3.041925098200102,0.9950166389085128
3.041925098200102,-0.9950166389085128
3.2412602089789435,0.9950166389221772
-2.254222161641789,0.0271482246492011
3.2412602089789435,0.9950166389221772
2.149588708319204,-1.0703536906481352
1.5225465219083558,0.891029341706455
3.2412602089789435,0.9950166389221772
3.041925098200102,-0.9950166389085128
3.0620600165878864,-0.7940043914365639
3.1164240830973324,-0.2512678194417584
1.2689768711725598,0.8965578939682043
-3.2412602089789435,-0.9950166389221772
3.2412602089789435,0.9950166389221772
3.041925098200102,-0.9950166389085128
3.041925098200102,-0.9950166389085128
-3.041925098200102,0.9950166389085128
-3.2412602089789435,-0.9950166389221772
-3.2412602089789435,-0.9950166389221772
3.2412602089789435,0.9950166389221772
-3.2412602089789435,-0.9950166389221772
-2.404338199967209,1.0530206894917709
3.041925098200102,-0.9950166389085128
3.2412602089789435,0.9950166389221772
3.041925098200102,-0.9950166389085128
-1.695180724699089,0.5483936935163204
-3.2412602089789435,-0.9950166389221772
3.2412602089789435,0.9950166389221772
2.412482166054516,0.9203581651542552
-1.0358540455785086,0.1559256621729668
-3.041925098200102,0.9950166389085128
-3.2412602089789435,-0.9950166389221772
-3.041925098200102,0.9950166389085128
-3.041925098200102,0.9950166389085128
-3.041925098200102,0.9950166389085128
-1.0067764735831377,1.0767762909455882
-3.2412602089789435,-0.9950166389221772
-3.2412602089789435,-0.9950166389221772
3.1164240830973324,-0.2512678194417584
-3.041925098200102,0.9950166389085128
2.9143625465239964,-1.0075724479835215
3.098302730549014,-0.432180425560892
-3.14259945860478,-0.0100507091313809
-3.2412602089789435,-0.9950166389221772
3.2412602089789435,0.9950166389221772
3.166761224082316,0.25126781944175
3.041925098200102,-0.9950166389085128
-3.2412602089789435,-0.9950166389221772
3.2412602089789435,0.9950166389221772
3.041925098200102,-0.9950166389085128
-3.041925098200102,0.9950166389085128
-2.030636695232136,-0.8989606426853919
3.041925098200102,-0.9950166389085128
3.2412602089789435,0.9950166389221772
1.3235908591883798,-1.0876336959262285
-3.184882576630659,-0.4321804255609037
-3.180855610830789,-0.3919776461674309
-3.2412602089789435,-0.9950166389221772
-3.2412602089789435,-0.9950166389221772
-3.1003162137839007,0.4120790408683807
3.2412602089789435,0.9950166389221772
1.3113308790744742,0.0539478591700489
-3.041925098200102,0.9950166389085128
3.2412602089789435,0.9950166389221772
2.6673411690349007,0.9404434838957386
-3.2412602089789435,-0.9950166389221772
-3.041925098200102,0.9950166389085128
3.2412602089789435,0.9950166389221772
-3.041925098200102,0.9950166389085128
-3.041925098200102,0.9950166389085128
-3.2412602089789435,-0.9950166389221772
-3.1506533511329056,-0.090456438870054
-2.022306642346973,1.0771411636325494
3.041925098200102,-0.9950166389085128
-3.041925098200102,0.9950166389085128
-1.3264978692334983,0.4270147286113542
3.2412602089789435,0.9950166389221772
3.2412602089789435,0.9950166389221772
3.041925098200102,-0.9950166389085128
3.098302730549014,-0.432180425560892
3.162734255773444,0.2110649853354645
-3.041925098200102,0.9950166389085128
1.0067764735831224,-1.0767762909456218
3.041925098200102,-0.9950166389085128
-3.2412602089789435,-0.9950166389221772
-3.041925098200102,0.9950166389085128
-3.092262282052057,0.492484553149082
-3.041925098200102,0.9950166389085128
1.7764335093833867,0.8918450834652136
1.7937059217067337,0.4325103935087034
-3.2412602089789435,-0.9950166389221772
-3.2412602089789435,-0.9950166389221772
-3.041925098200102,0.9950166389085128
-3.041925098200102,0.9950166389085128
-3.2412602089789435,-0.9950166389221772
3.2412602089789435,0.9950166389221772
-3.2412602089789435,-0.9950166389221772
3.2412602089789435,0.9950166389221772
3.1103836310621054,-0.3115720506078584
3.2412602089789435,0.9950166389221772
-3.2412602089789435,-0.9950166389221772
-3.140585848574573,0.0100507091313512
-3.2412602089789435,-0.9950166389221772
-3.2412602089789435,-0.9950166389221772
3.1728016761176128,0.3115720506078427
-3.2412602089789435,-0.9950166389221772
3.2412602089789435,0.9950166389221772
-3.2412602089789435,-0.9950166389221772
-3.041925098200102,0.9950166389085128
3.041925098200102,-0.9950166389085128
3.2412602089789435,0.9950166389221772
3.2412602089789435,0.9950166389221772
-3.203003914992349,-0.613092669938836
3.2412602089789435,0.9950166389221772
-3.2412602089789435,-0.9950166389221772
-3.2412602089789435,-0.9950166389221772
-0.3203767882525905,-0.963362907631344
3.041925098200102,-0.9950166389085128
3.2412602089789435,0.9950166389221772
-3.041925098200102,0.9950166389085128
3.2412602089789435,0.9950166389221772
-3.041925098200102,0.9950166389085128
0.311187701906658,-1.0252715386131532
3.2412602089789435,0.9950166389221772
2.149588708319204,-1.0703536906481352
-1.5225465219083554,-0.8910293417064551
3.041925098200102,-0.9950166389085128
3.2412602089789435,0.9950166389221772
-3.0801813833368548,0.6130926600529979
-3.096289247505637,0.4522818059852916
-0.8449968884694496,-0.477295063752396
-3.2412602089789435,-0.9950166389221772
-3.166761224082316,-0.25126781944175
-0.0055502919038559,-0.3713160421191094
-3.2412602089789435,-0.9950166389221772
-1.3899057831269117,0.4282241295596076
3.041925098200102,-0.9950166389085128
3.2412602089789435,0.9950166389221772
-3.041925098200102,0.9950166389085128
-3.0801813833368548,0.6130926600529979
-3.084208354195317,0.5728899867748889
3.2412602089789435,0.9950166389221772
3.2412602089789435,0.9950166389221772
3.10635666347238,-0.3517748556254283
3.2412602089789435,0.9950166389221772
-3.2412602089789435,-0.9950166389221772
-3.2412602089789435,-0.9950166389221772
1.0157053858486742,0.908069248532854
3.041925098200102,-0.9950166389085128
-3.2412602089789435,-0.9950166389221772
3.2412602089789435,0.9950166389221772
-3.2412602089789435,-0.9950166389221772
-3.2412602089789435,-0.9950166389221772
3.184882576630659,0.4321804255609038
-3.2412602089789435,-0.9950166389221772
-3.2412602089789435,-0.9950166389221772
-0.4467101486833445,-0.9514664554365386
-3.041925098200102,0.9950166389085128
3.041925098200102,-0.9950166389085128
-3.041925098200102,0.9950166389085128
-3.041925098200102,0.9950166389085128
-2.1578509309418314,-0.9047556306672224
-3.2412602089789435,-0.9950166389221772
-3.1466263847525973,-0.0502535787925154
-2.221484421462858,-0.9081757536451824
3.041925098200102,-0.9950166389085128
3.041925098200102,-0.9950166389085128
-3.041925098200102,0.9950166389085128
-2.022306642346973,1.0771411636325494
-3.041925098200102,0.9950166389085128
-3.2412602089789435,-0.9950166389221772
-2.094234818826344,-0.901679819548428
3.2412602089789435,0.9950166389221772
-3.2412602089789435,-0.9950166389221772
0.9574676256603386,0.3296953086778593
3.041925098200102,-0.9950166389085128
-3.041925098200102,0.9950166389085128
-3.2412602089789435,-0.9950166389221772
3.2412602089789435,0.9950166389221772
3.041925098200102,-0.9950166389085128
2.348800810219071,0.9159927293912294
-3.2412602089789435,-0.9950166389221772
3.041925098200102,-0.9950166389085128
-3.2412602089789435,-0.9950166389221772
3.1164240830973324,-0.2512678194417584
3.2412602089789435,0.9950166389221772
-1.7679557855360877,1.0864158327998836
-3.041925098200102,0.9950166389085128
-3.2090444003871097,-0.6733966307053308
3.2009904341744617,0.5929913313284711
-3.041925098200102,0.9950166389085128
-3.2412602089789435,-0.9950166389221772
3.2412602089789435,0.9950166389221772
-1.3870116530712628,1.088655297240115
3.2412602089789435,0.9950166389221772
3.041925098200102,-0.9950166389085128
3.2412602089789435,0.9950166389221772
-3.215084846746286,-0.7337005446476401
-3.041925098200102,0.9950166389085128
3.146626384752653,0.0502535787925093
-3.041925098200102,0.9950166389085128
3.090248799675407,-0.5125859194578635
-3.041925098200102,0.9950166389085128
-3.041925098200102,0.9950166389085128
3.08219487300526,-0.592991331328456
3.041925098200102,-0.9950166389085128
-3.203003914992349,-0.613092669938836
-3.041925098200102,0.9950166389085128
-3.041925098200102,0.9950166389085128
3.2412602089789435,0.9950166389221772
2.5317913739238387,-1.0427539492155062
3.2412602089789435,0.9950166389221772
-3.041925098200102,0.9950166389085128
-1.7129317230305314,-0.8910417866778586
2.468059090236148,-1.0480044797038544
3.041925098200102,-0.9950166389085128
-3.2412602089789435,-0.9950166389221772
3.041925098200102,-0.9950166389085128
3.041925098200102,-0.9950166389085128
-3.160720771574531,-0.1909635649472665
-3.152666834952121,-0.1105578669728108
3.068100460060041,-0.7337005445464484
-3.2412602089789435,-0.9950166389221772
-1.395722762054305,-0.893013818985758
3.2412602089789435,0.9950166389221772
3.2412602089789435,0.9950166389221772
-3.041925098200102,0.9950166389085128
3.041925098200102,-0.9950166389085128
-3.2412602089789435,-0.9950166389221772
2.348800810219071,0.9159927293912294
3.2412602089789435,0.9950166389221772
-3.041925098200102,0.9950166389085128
-3.041925098200102,0.9950166389085128
3.041925098200102,-0.9950166389085128
3.2412602089789435,0.9950166389221772
-3.074140906461103,0.673396630610402
-3.2412602089789435,-0.9950166389221772
3.2412602089789435,0.9950166389221772
-3.2412602089789435,-0.9950166389221772
0.24801821737823,-1.0193108235332196
-3.2412602089789435,-0.9950166389221772
3.2412602089789435,0.9950166389221772
-1.7044154448933193,1.0877825030786576
-3.213071364910044,-0.7135992471814709
-3.190923025127622,-0.4924845531490914
-3.041925098200102,0.9950166389085128
-3.041925098200102,0.9950166389085128
3.2412602089789435,0.9950166389221772
3.1144105990154296,-0.2713692327095878
3.041925098200102,-0.9950166389085128
-3.2412602089789435,-0.9950166389221772
3.0942757646680006,-0.4723831819203827
3.2412602089789435,0.9950166389221772
3.041925098200102,-0.9950166389085128
-3.2412602089789435,-0.9950166389221772
1.7213192674137905,-0.2881849222982618
-2.2769347732953937,1.0622702402719486
3.092262282052057,-0.4924845531490818
3.041925098200102,-0.9950166389085128
3.2412602089789435,0.9950166389221772
3.2412602089789435,0.9950166389221772
3.2412602089789435,0.9950166389221772
3.041925098200102,-0.9950166389085128
-3.1023296963488822,0.3919776461674374
3.041925098200102,-0.9950166389085128
-3.2412602089789435,-0.9950166389221772
3.2412602089789435,0.9950166389221772
0.8891701900830002,0.9158501736128696
-3.2412602089789435,-0.9950166389221772
-3.041925098200102,0.9950166389085128
3.041925098200102,-0.9950166389085128
-3.2412602089789435,-0.9950166389221772
-3.2412602089789435,-0.9950166389221772
2.780079126423525,0.1739535145903724
3.1929365075042173,0.5125859194578675
-3.041925098200102,0.9950166389085128
-3.0761543891144068,0.6532953120066807
-3.2412602089789435,-0.9950166389221772
3.2412602089789435,0.9950166389221772
3.2412602089789435,0.9950166389221772
-0.2180255175796858,0.0517404202644414
3.2412602089789435,0.9950166389221772
3.08219487300526,-0.592991331328456
-3.041925098200102,0.9950166389085128
3.041925098200102,-0.9950166389085128
3.2412602089789435,0.9950166389221772
2.103531788561409,0.3633398796949501
3.2412602089789435,0.9950166389221772
3.041925098200102,-0.9950166389085128
3.041925098200102,-0.9950166389085128
3.2412602089789435,0.9950166389221772
3.2412602089789435,0.9950166389221772
-3.194949989621332,-0.5326872806362941
-3.041925098200102,0.9950166389085128
0.8510204495172576,0.5370951664025669
-3.2412602089789435,-0.9950166389221772
3.2412602089789435,0.9950166389221772
-3.2412602089789435,-0.9950166389221772
-3.041925098200102,0.9950166389085128
3.041925098200102,-0.9950166389085128
-3.2412602089789435,-0.9950166389221772
-3.2412602089789435,-0.9950166389221772
3.2412602089789435,0.9950166389221772
-3.041925098200102,0.9950166389085128
3.088235317558349,-0.5326872806362851
3.2412602089789435,0.9950166389221772
3.041925098200102,-0.9950166389085128
-3.041925098200102,0.9950166389085128
3.2412602089789435,0.9950166389221772
-3.2412602089789435,-0.9950166389221772
3.2412602089789435,0.9950166389221772
3.2412602089789435,0.9950166389221772
3.2412602089789435,0.9950166389221772
-3.041925098200102,0.9950166389085128
1.0307959018652786,0.4258757736086959
-3.041925098200102,0.9950166389085128
-2.539886878499773,-0.929915141757386
3.041925098200102,-0.9950166389085128
3.041925098200102,-0.9950166389085128
-3.041925098200102,0.9950166389085128
-3.041925098200102,0.9950166389085128
3.2412602089789435,0.9950166389221772
-3.084208354195317,0.5728899867748889
3.041925098200102,-0.9950166389085128
0.2330202710348322,-0.535548448392714
-1.4028570465512962,-0.3322462169389173
3.2412602089789435,0.9950166389221772
-3.090248799675462,0.5125859194578585
-3.2412602089789435,-0.9950166389221772
-2.120142597890941,0.7329908999426338
-3.2412602089789435,-0.9950166389221772
-3.041925098200102,0.9950166389085128
3.2412602089789435,0.9950166389221772
-3.2412602089789435,-0.9950166389221772
3.041925098200102,-0.9950166389085128
-3.2412602089789435,-0.9950166389221772
-3.2412602089789435,-0.9950166389221772
3.041925098200102,-0.9950166389085128
-3.1868960596740377,-0.4522818059853022
-3.184882576630659,-0.4321804255609037
-1.5276987335498982,-0.3107053783647464
3.041925098200102,-0.9950166389085128
-3.205017404739404,-0.6331939921808859
2.659285979903723,-1.0316355229702947
3.041925098200102,-0.9950166389085128
-3.041925098200102,0.9950166389085128
-3.041925098200102,0.9950166389085128
3.2412602089789435,0.9950166389221772
-3.090248799675462,0.5125859194578585
-3.2412602089789435,-0.9950166389221772
3.2412602089789435,0.9950166389221772
-2.404338199967209,1.0530206894917709
-3.1929365075042737,-0.5125859194578724
3.2412602089789435,0.9950166389221772
3.2412602089789435,0.9950166389221772
-3.041925098200102,0.9950166389085128
3.041925098200102,-0.9950166389085128
3.1164240830973324,-0.2512678194417584
-3.041925098200102,0.9950166389085128
3.2412602089789435,0.9950166389221772
1.7112659154927192,-0.3882679012083214
-3.041925098200102,0.9950166389085128
3.2412602089789435,0.9950166389221772
3.2009904341744617,0.5929913313284711
3.041925098200102,-0.9950166389085128
-3.084208354195317,0.5728899867748889
-3.2412602089789435,-0.9950166389221772
-3.2412602089789435,-0.9950166389221772
3.041925098200102,-0.9950166389085128
3.2412602089789435,0.9950166389221772
-3.2412602089789435,-0.9950166389221772
3.041925098200102,-0.9950166389085128
-1.133445764677062,1.0822382292013948
-3.2412602089789435,-0.9950166389221772
3.041925098200102,-0.9950166389085128
3.041925098200102,-0.9950166389085128
3.0701139419109915,-0.7135992470821043
3.2412602089789435,0.9950166389221772
-0.9524300094436662,-0.9118026672984224
-3.041925098200102,0.9950166389085128
3.2412602089789435,0.9950166389221772
-3.074140906461103,0.673396630610402
-3.041925098200102,0.9950166389085128
3.041925098200102,-0.9950166389085128
-3.2412602089789435,-0.9950166389221772
3.041925098200102,-0.9950166389085128
-3.041925098200102,0.9950166389085128
-3.2412602089789435,-0.9950166389221772
3.2412602089789435,0.9950166389221772
1.0307959018652786,0.4258757736086959
-3.2009904341744213,-0.5929913313284668
3.2412602089789435,0.9950166389221772
3.2412602089789435,0.9950166389221772
3.190923025127622,0.4924845531490915
-3.041925098200102,0.9950166389085128
3.041925098200102,-0.9950166389085128
-3.041925098200102,0.9950166389085128
-3.2412602089789435,-0.9950166389221772
-3.041925098200102,0.9950166389085128
-3.2412602089789435,-0.9950166389221772
-3.2412602089789435,-0.9950166389221772
3.2412602089789435,0.9950166389221772
3.2412602089789435,0.9950166389221772
3.2412602089789435,0.9950166389221772
3.2412602089789435,0.9950166389221772
-3.2412602089789435,-0.9950166389221772
-3.041925098200102,0.9950166389085128
3.2412602089789435,0.9950166389221772
3.074140906461175,-0.6733966306104131
-3.041925098200102,0.9950166389085128
3.2412602089789435,0.9950166389221772
2.0806487060837244,-0.4957008351954727
3.041925098200102,-0.9950166389085128
-3.2412602089789435,-0.9950166389221772
3.2412602089789435,0.9950166389221772
0.0195977974604512,0.5106213427119197
3.041925098200102,-0.9950166389085128
-3.2412602089789435,-0.9950166389221772
-3.2412602089789435,-0.9950166389221772
3.041925098200102,-0.9950166389085128
-3.041925098200102,0.9950166389085128
3.2412602089789435,0.9950166389221772
3.041925098200102,-0.9950166389085128
2.603608334273199,0.9350681634379856
-3.054006099076445,0.8744094069911726
2.2769347732953937,-1.0622702402719486
3.170788192180116,0.291470643167468
-0.5740420109580326,-0.3173991789024121
3.188909542511677,0.4723831819203928
3.2412602089789435,0.9950166389221772
3.2412602089789435,0.9950166389221772
-2.468059090236147,1.0480044797038544
1.0789970883340352,0.9046649923634964
-3.2412602089789435,-0.9950166389221772
-3.2412602089789435,-0.9950166389221772
-1.8399551585173308,-0.8930441172239242
3.2412602089789435,0.9950166389221772
-2.468059090236147,1.0480044797038544
-3.160720771574531,-0.1909635649472665
-3.2412602089789435,-0.9950166389221772
-3.041925098200102,0.9950166389085128
3.2412602089789435,0.9950166389221772
-1.7012127035380762,0.4883474693643346
-3.041925098200102,0.9950166389085128
-3.2412602089789435,-0.9950166389221772
3.2412602089789435,0.9950166389221772
-3.2412602089789435,-0.9950166389221772
1.2490453276455316,-0.5652154089081458
3.041925098200102,-0.9950166389085128
1.96705708836232,0.8966089697360795
-3.2090444003871097,-0.6733966307053308
3.041925098200102,-0.9950166389085128
3.041925098200102,-0.9950166389085128
-3.092262282052057,0.492484553149082
-3.2412602089789435,-0.9950166389221772
2.6673411690349007,0.9404434838957386
3.2412602089789435,0.9950166389221772
3.0862218357229128,-0.55278863647688
-1.395722762054305,-0.893013818985758
3.041925098200102,-0.9950166389085128
3.2412602089789435,0.9950166389221772
-1.3870116530712628,1.088655297240115
3.2412602089789435,0.9950166389221772
2.8619637339523902,0.3607903384462795
-2.017028010372573,0.4987382497827823
-1.8399551585173308,-0.8930441172239242
-3.2412602089789435,-0.9950166389221772
-0.3062197579812187,0.4420575988275607
-3.041925098200102,0.9950166389085128
-3.2412602089789435,-0.9950166389221772
-3.2412602089789435,-0.9950166389221772
-3.041925098200102,0.9950166389085128
-3.2412602089789435,-0.9950166389221772
3.041925098200102,-0.9950166389085128
-3.066086978529896,0.7538018345610575
3.2412602089789435,0.9950166389221772
2.40433819996721,-1.0530206894917715
3.128504988161968,-0.1306592934246111
3.041925098200102,-0.9950166389085128
-3.2412602089789435,-0.9950166389221772
3.1788421273339003,0.3718762528042582
-3.2412602089789435,-0.9950166389221772
-2.275636029020937,0.4444348448125793
3.041925098200102,-0.9950166389085128
3.2412602089789435,0.9950166389221772
2.4030210863816475,-0.4354646008878285
3.041925098200102,-0.9950166389085128
1.7679557855360952,-1.0864158327999325
-3.041925098200102,0.9950166389085128
-3.041925098200102,0.9950166389085128
3.041925098200102,-0.9950166389085128
3.2412602089789435,0.9950166389221772
-3.092262282052057,0.492484553149082
-3.2412602089789435,-0.9950166389221772
-3.2412602089789435,-0.9950166389221772
-3.184882576630659,-0.4321804255609037
3.2412602089789435,0.9950166389221772
-3.2412602089789435,-0.9950166389221772
2.285134627496868,0.9119264750293126
-3.041925098200102,0.9950166389085128
-3.2412602089789435,-0.9950166389221772
3.2412602089789435,0.9950166389221772
-3.2412602089789435,-0.9950166389221772
-3.041925098200102,0.9950166389085128
-3.041925098200102,0.9950166389085128
3.2412602089789435,0.9950166389221772
-3.2412602089789435,-0.9950166389221772
-3.215084846746286,-0.7337005446476401
-2.263561918462225,0.5648357881916647
0.4626777235032633,-0.1550409484669549
-3.041925098200102,0.9950166389085128
-3.041925098200102,0.9950166389085128
3.041925098200102,-0.9950166389085128
-3.2412602089789435,-0.9950166389221772
3.2412602089789435,0.9950166389221772
-2.7277348003388626,0.3484921626949369
-3.0761543891144068,0.6532953120066807
-3.2412602089789435,-0.9950166389221772
-3.041925098200102,0.9950166389085128
-3.190923025127622,-0.4924845531490914
3.2412602089789435,0.9950166389221772
1.9034964507517,0.8946341780846354
3.2412602089789435,0.9950166389221772
-1.967057088362268,-0.8966089697360238
-3.041925098200102,0.9950166389085128
3.041925098200102,-0.9950166389085128
3.2412602089789435,0.9950166389221772
0.5639511528776556,-1.0474724870799077
3.041925098200102,-0.9950166389085128
3.2412602089789435,0.9950166389221772
-3.2412602089789435,-0.9950166389221772
-2.031874395041869,-0.2802347077321341
-2.2132541307929228,1.066466316343473
-3.041925098200102,0.9950166389085128
-3.2412602089789435,-0.9950166389221772
1.4269714638116957,0.5720525001899892
-3.041925098200102,0.9950166389085128
-3.041925098200102,0.9950166389085128
3.2412602089789435,0.9950166389221772
-0.184971807500729,-0.2529835096222751
-3.041925098200102,0.9950166389085128
3.041925098200102,-0.9950166389085128
-3.2412602089789435,-0.9950166389221772
-3.1003162137839007,0.4120790408683807
-3.2412602089789435,-0.9950166389221772
-3.041925098200102,0.9950166389085128
-3.1023296963488822,0.3919776461674374
-3.2412602089789435,-0.9950166389221772
-2.6592859799037227,1.0316355229702945
-3.2412602089789435,-0.9950166389221772
-3.041925098200102,0.9950166389085128
-3.221125290168566,-0.7940043915411458
-3.0701139419110586,0.7135992470821153
-0.0415463273052262,0.5368205778218974
-2.3005046157071423,-0.4343608386139821
3.088235317558349,-0.5326872806362851
-3.2412602089789435,-0.9950166389221772
3.2412602089789435,0.9950166389221772
3.041925098200102,-0.9950166389085128
3.182869093395772,0.4120790408683933
3.041925098200102,-0.9950166389085128
-3.2412602089789435,-0.9950166389221772
2.068577720541769,-0.6160069895113159
1.5225465219083558,0.891029341706455
-3.041925098200102,0.9950166389085128
3.2412602089789435,0.9950166389221772
-3.2412602089789435,-0.9950166389221772
-0.5007452053989593,1.0422138714177365
3.078167902351971,-0.6331939921034158
3.041925098200102,-0.9950166389085128
-3.041925098200102,0.9950166389085128
3.2412602089789435,0.9950166389221772
-3.2412602089789435,-0.9950166389221772
-3.041925098200102,0.9950166389085128
2.3634718621139394,-0.1992228933582336
1.8315154863348453,-1.0846606338961915
-3.041925098200102,0.9950166389085128
3.2412602089789435,0.9950166389221772
3.041925098200102,-0.9950166389085128
3.2412602089789435,0.9950166389221772
3.2412602089789435,0.9950166389221772
-3.041925098200102,0.9950166389085128
-3.041925098200102,0.9950166389085128
-2.404338199967209,1.0530206894917709
-3.2412602089789435,-0.9950166389221772
3.211057882782,0.6934979424667834
3.1868960596740377,0.4522818059853024
-2.1289336642059604,0.0144344397356193
-3.2412602089789435,-0.9950166389221772
3.108370147215376,-0.3316734548272722
2.508316602574415,-0.6463568994607635
3.2412602089789435,0.9950166389221772
1.5225465219083558,0.891029341706455
2.010993066265183,-0.5588749844744584
-3.2412602089789435,-0.9950166389221772
-3.2412602089789435,-0.9950166389221772
3.2412602089789435,0.9950166389221772
3.041925098200102,-0.9950166389085128
3.041925098200102,-0.9950166389085128
3.2412602089789435,0.9950166389221772
-3.1244780198119546,0.1708621426552919
-3.2412602089789435,-0.9950166389221772
2.462708187181854,-0.4707337179473776
3.041925098200102,-0.9950166389085128
-3.088235317558297,0.5326872806362902
3.041925098200102,-0.9950166389085128
-3.2412602089789435,-0.9950166389221772
-3.041925098200102,0.9950166389085128
-3.041925098200102,0.9950166389085128
-2.21672106471844,-0.2297988435923077
-3.041925098200102,0.9950166389085128
3.156693803173184,0.1507607187198904
3.041925098200102,-0.9950166389085128
-3.2412602089789435,-0.9950166389221772
3.2412602089789435,0.9950166389221772
-3.041925098200102,0.9950166389085128
-0.5730733187811283,-0.9401879207779196
-3.041925098200102,0.9950166389085128
3.041925098200102,-0.9950166389085128
-2.3488008102190707,-0.9159927293912292
-3.2251522502022563,-0.8342069162108651
3.2412602089789435,0.9950166389221772
-3.041925098200102,0.9950166389085128
3.2412602089789435,0.9950166389221772
-2.5317913739238387,1.0427539492155062
3.041925098200102,-0.9950166389085128
-3.041925098200102,0.9950166389085128
3.2412602089789435,0.9950166389221772
-2.539886878499773,-0.929915141757386
3.041925098200102,-0.9950166389085128
-3.2412602089789435,-0.9950166389221772
-3.2412602089789435,-0.9950166389221772
3.2412602089789435,0.9950166389221772
-0.3122406577365548,0.3823398175163098
3.041925098200102,-0.9950166389085128
-1.0789970883340352,-0.9046649923634964
3.2412602089789435,0.9950166389221772
-1.206699642077109,-0.2776025182902064
3.041925098200102,-0.9950166389085128
2.603608334273199,0.9350681634379856
-3.198976952984365,-0.5728899867748986
3.2412602089789435,0.9950166389221772
3.041925098200102,-0.9950166389085128
3.041925098200102,-0.9950166389085128
3.066086978529896,-0.7538018345610573
-1.967057088362268,-0.8966089697360238
-3.041925098200102,0.9950166389085128
-3.2412602089789435,-0.9950166389221772
3.041925098200102,-0.9950166389085128
3.041925098200102,-0.9950166389085128
3.2412602089789435,0.9950166389221772
-3.0801813833368548,0.6130926600529979
-3.188909542511677,-0.4723831819203927
3.2412602089789435,0.9950166389221772
-2.882097150804269,-0.5617639721212798
3.041925098200102,-0.9950166389085128
3.213071364909977,0.7135992471814816
3.041925098200102,-0.9950166389085128
-3.130518472227544,0.1105578669728181
-3.2412602089789435,-0.9950166389221772
1.2218394588663182,-0.2037996389046346
-0.5098874222659305,-0.9457383806489504
3.074140906461175,-0.6733966306104131
3.041925098200102,-0.9950166389085128
-3.041925098200102,0.9950166389085128
3.2412602089789435,0.9950166389221772
-2.723046007312095,1.0258125440753048
-2.858597063338886,-0.9576822147004388
-2.5036567518361865,-0.5684534687392643
-3.041925098200102,0.9950166389085128
3.221125290168507,0.7940043915411549
-3.041925098200102,0.9950166389085128
3.2412602089789435,0.9950166389221772
3.2412602089789435,0.9950166389221772
3.041925098200102,-0.9950166389085128
2.285134627496868,0.9119264750293126
3.041925098200102,-0.9950166389085128
-3.041925098200102,0.9950166389085128
3.2412602089789435,0.9950166389221772
3.2412602089789435,0.9950166389221772
-3.041925098200102,0.9950166389085128
